-- Adminer 4.2.5 MySQL dump

SET NAMES utf8;
SET time_zone = '+00:00';
SET foreign_key_checks = 0;
SET sql_mode = 'NO_AUTO_VALUE_ON_ZERO';







INSERT INTO `migrations` (`migration`, `batch`) VALUES
('2014_10_12_000000_create_users_table',	1),
('2014_10_12_100000_create_password_resets_table',	1),
('2014_11_31_160727_create_teachers_table',	1),
('2014_11_31_160748_create_students_table',	1),
('2015_11_31_160748_create_other_user_table',	1),
('2016_02_08_102834_entrust_setup_tables',	1),
('2016_04_18_005508_create_tags_table',	1),
('2016_04_20_203839_create_blog_table',	1),
('2016_05_20_095648_create_events_table',	1),
('2016_05_20_095706_create_news_table',	1),
('2016_05_20_095831_create_project_category_table',	1),
('2016_05_20_095843_create_projects_table',	1),
('2016_05_20_095858_create_paper_table',	1),
('2016_05_20_095931_create_awards_table',	1),
('2016_05_22_152620_create_resource_table',	1),
('2016_05_22_163615_create_subscriber_table',	1),
('2016_05_28_173110_create_award_user_pivot_table',	1),
('2016_05_28_234816_create_project_user_pivot_table',	1),
('2016_05_28_234824_create_paper_user_pivot_table',	1),
('2016_05_28_234856_create_blog_tag_pivot_table',	1),
('2016_05_30_082219_create_event_file_table',	1),
('2016_06_03_160145_create_slider_table',	1),
('2016_06_03_232259_create_welcome_table',	1),
('2016_08_10_232054_create_paper_file_table',	1),
('2016_08_21_015958_create_resource_file_table',	1),
('2016_09_27_053315_create_resource_tag_pivot_table',	1),
('2016_09_28_075931_create_paper_tag_pivot_table',	1),
('2016_10_26_184851_create_paper_author_table',	2),
('2016_10_26_215532_update_teachers_table',	2),
('2016_10_26_223928_update_other_user_table',	2);


INSERT INTO `other_user` (`id`, `user_id`, `about_me`, `phone`, `img_url`, `thumb_url`, `github_user`, `linkedIn_user`, `position`, `user_type`, `in_leave`, `organization`, `created_at`, `updated_at`, `researchgate`, `academia`) VALUES
(1,	7,	NULL,	NULL,	'/upload/profile/default/avatar.jpg',	'/upload/profile/default/icon.jpg',	NULL,	NULL,	'Position',	'Scholar',	0,	'XYZ organization',	'2016-10-02 04:37:02',	'2016-10-02 04:37:02',	NULL,	NULL);

INSERT INTO `paper` (`id`, `paper_title`, `paper_details`, `paper_view`, `paper_url`, `paper_type`, `paper_publish_date`, `paper_pdf`, `paper_meta_data`, `created_at`, `updated_at`) VALUES
(1,	'Bangla Word Clustering Based on N-gram Language Model ',	'In this paper, we describe a method for producing Bangla word clusters based on semantic and contextual similarity. Word clustering is important for parts of speech (POS) tagging, word sense disambiguation, text classification, recommender system, spell checker, grammar checker, knowledge discover and for many others Natural Language Processing (NLP) applications. Computerization of Bangla language processing has been started a long ago, but still it is in neophyte stage and suffers from resource scarcity. We propose an unsupervised machine learning technique to develop Bangla word clusters based on their semantic and contextual similarity using N-gram language model. According to N-gram model, a word can be predicted based on its previous and next words sequence. N-gram model is applied successfully for word clustering in English and some other languages. As word clustering in Bangla is a new dimension in Bangla language processing research, so we think this process is good way to start and our assumption is true as our result is quite decent. We produced 456 clusters using a locally available large Bangla corpus. Subjective score derived from the clusters reveal strong similarity of the words in the same cluster.',	NULL,	'http://ieeexplore.ieee.org/document/6919083/',	'conference',	'04/22/2014',	NULL,	'bangla-word-clustering-based-on-n-gram-language-model1110520720',	'2016-10-02 21:47:59',	'2016-10-26 16:49:50'),
(2,	'Mapping Bangla Unicode Text to Keyboard Layout Specific Keystrokes',	'<span class=\"fontstyle0\">Bangla Unicode texts are becoming increasingly available from different types of sources. It is necessary for many applications to map these Unicode texts to keystrokes of a particular keyboard layout. In this paper, we analyze Bangla Unicode texts and various keyboard layouts and device algorithms to convert the Unicode texts to keyboard layout specific keystrokes. We implement and test our algorithms with sufficient data and show that they are working correctly. Our work has many applications, e.g., comparing the efficiency of keyboard layouts, predicting a word being typed to improve typing efficiency, improving the accuracy of spelling suggestions generated by a Bangla spell checker, etc.</span> \r\n<br style=\" font-style: normal; font-variant: normal; font-weight: normal; letter-spacing: normal; line-height: normal; orphans: 2; text-align: -webkit-auto; text-indent: 0px; text-transform: none; white-space: normal; widows: 2; word-spacing: 0px; -webkit-text-size-adjust: auto; -webkit-text-stroke-width: 0px; \">',	NULL,	'',	'journal',	'12/01/2009',	NULL,	'mapping-bangla-unicode-text-to-keyboard-layout-specific-keystrokes450452586',	'2016-10-02 21:53:30',	'2016-10-26 16:48:27'),
(3,	'Developing an Automated Bangla Parts Of Speech Tagged Dictionary',	'This paper develops an algorithm for making an automated Bangla Parts Of\r\n Speech (POS) tagged dictionary. Natural Language Processing is one of \r\nthe most vigorous research areas of computer science. It enables to \r\ncommunicate and retrieve information form computer based system more \r\neffectively and efficiently. Researches on Bangla language processing \r\nhave started long back. However, this research area still suffers from \r\nresource scarcity. A POS tagged corpus is a cardinal element for \r\nlanguage processing. POS tagging is the process of categorizing a \r\nparticular word to a particular part of speech or syntactic category. In\r\n Bangla, we do not have any large POS tagged dictionary. In this paper \r\nwe develop an automated way to make a POS tagged dictionary of Noun, \r\nVerb and Adjective. Initially, a suffix (or postfix) list is created \r\nmanually for Bangla language. Based on this suffix list the POS tagged \r\ndictionary is developed. The proposed algorithm is evaluated using a \r\nparagraph consisting of manually tagged 10,000 words with 11 tags. We \r\nfound that POS tagging is obtained more accurately for Verb than Noun \r\nand Adjective.',	NULL,	'http://ieeexplore.ieee.org/document/6997347/',	'conference',	'03/08/2014',	NULL,	'developing-an-automated-bangla-parts-of-speech-tagged-dictionary111221390',	'2016-10-02 21:56:07',	'2016-10-26 16:51:38'),
(4,	'An experimental study of stylometry in Bangla literatur',	'Every writer has a different style of writing of their own. By analyzing\r\n various kinds of features we can identify and specify some \r\ncharacteristics in a writer\'s writing which is known as stylogenetics. \r\nIn this paper we gathered Bangla blogs written by four different \r\nBangladeshi writers. Using machine learning methods we tried to identify\r\n special Stylometry features in their writing style. We analyzed various\r\n features in their writings, for example, percentage of unique words, \r\nword length, sentence length, and frequency of some parts of speech, \r\nnumber of suffix, frequency of first word, second word, second last word\r\n and last word of a sentence, counting average number of question marks \r\nper document, frequency of word by its position in a sentence etc. We \r\ngathered statistical data from analyzing those features and tried to \r\nfind the variance among these writers using the statistical data.',	NULL,	'http://ieeexplore.ieee.org/document/7392018/',	'conference',	'',	NULL,	'an-experimental-study-of-stylometry-in-bangla-literatur1186215376',	'2016-10-02 22:00:32',	'2016-10-26 16:53:11'),
(5,	'A Corpus Based Unsupervised Bangla Word Stemming Using N-Gram Language Model',	'<span class=\"fontstyle0\">In this paper, we propose a contextual similarity based approach for identification of stems or root forms of Bangla words using N-gram language model. The core purpose of our work is to build a big corpus of Bangla stems with their corresponding inflectional forms. Identification of stem form of a word is generally called stemming and the tool which identifies the stems is called stemmer. Stemmers are important mainly in information<br>retrieval systems, recommending systems, spell checkers, search engines and other sectors of Natural Language Processing applications. We selected N-gram model for stem detection based on the assumption that if two words which exhibit a certain percentage of similarity in spelling and have a certain percentage of contextual similarity in many sentences then these words have higher probability of originating from the same root. We implemented 6-gram model for the stem identification procedure and we gained 40.18% accuracy for our corpus.</span> \r\n<br style=\" font-style: normal; font-variant: normal; font-weight: normal; letter-spacing: normal; line-height: normal; orphans: 2; text-align: -webkit-auto; text-indent: 0px; text-transform: none; white-space: normal; widows: 2; word-spacing: 0px; -webkit-text-size-adjust: auto; -webkit-text-stroke-width: 0px; \">',	NULL,	'',	'conference',	'06/16/2016',	NULL,	'a-corpus-based-unsupervised-bangla-word-stemming-using-n-gram-language-model909867174',	'2016-10-02 22:04:49',	'2016-10-26 16:54:09');


INSERT INTO `paper_file` (`id`, `paper_id`, `paper_file`, `paper_file_title`, `created_at`, `updated_at`) VALUES
(1,	1,	'/upload/paperFile/45ddfa251d2530f6865be72a998b03dc.pdf',	'Bangla Word Clustering Based on N-gram Language Model ',	'2016-10-02 21:47:59',	'2016-10-02 21:47:59'),
(2,	2,	'/upload/paperFile/46aced6c94e6edd349cd1e5ce4435c15.pdf',	'Mapping Bangla Unicode Text to Keyboard Layout Specific Keystrokes',	'2016-10-02 21:53:30',	'2016-10-02 21:53:30'),
(3,	3,	'/upload/paperFile/eb035214c9feb365b3751ca518cf752c.pdf',	'Developing an Automated Bangla Parts Of Speech Tagged Dictionary',	'2016-10-02 21:56:07',	'2016-10-02 21:56:07'),
(4,	4,	'/upload/paperFile/c5d566ec3c2d5e81193cec5703b0c71c.pdf',	'An experimental study of stylometry in Bangla literatur',	'2016-10-02 22:00:32',	'2016-10-02 22:00:32'),
(5,	5,	'/upload/paperFile/9b20ac4d9a8059cae3c7c4733bbc40a3.pdf',	'A Corpus Based Unsupervised Bangla Word Stemming Using N-Gram Language Model',	'2016-10-02 22:04:49',	'2016-10-02 22:04:49');


INSERT INTO `paper_user` (`paper_id`, `user_id`) VALUES
(1,	4),
(1,	9),
(2,	4),
(2,	6),
(2,	8),
(3,	4),
(3,	9),
(3,	10),
(4,	4),
(4,	11),
(4,	12),
(5,	4),
(5,	13),
(5,	14);










INSERT INTO `roles` (`id`, `name`, `display_name`, `description`, `created_at`, `updated_at`) VALUES
(1,	'admin',	NULL,	NULL,	'2016-09-28 03:25:59',	'2016-09-28 03:25:59'),
(2,	'user',	NULL,	NULL,	'2016-09-28 03:25:59',	'2016-09-28 03:25:59');

INSERT INTO `role_user` (`user_id`, `role_id`) VALUES
(1,	1),
(2,	1),
(3,	1),
(4,	1),
(5,	1),
(6,	1),
(7,	2);

INSERT INTO `slider` (`id`, `img_url`, `thumb_url`, `slider_position`, `slider_title`, `slider_desc`, `created_at`, `updated_at`) VALUES
(14,	'upload/slider/img/sliderMain-25b6ca62448ad1547674ea4df32caef0.jpg',	'upload/slider/thumb/sliderThumb-25b6ca62448ad1547674ea4df32caef0.jpg',	'k-carousel-caption pos-1-3-right scheme-dark',	'Natural Language Processing(NLP) ',	'Natural Language Processing(NLP) is a field of intelligence, and computational linguistics concerned with the interaction between computers and human (natural) languages.',	'2016-09-28 04:03:37',	'2016-09-28 04:03:37'),
(10,	'upload/slider/img/sliderMain-2f1b800352f03b26f436accf7d92525c.jpg',	'upload/slider/thumb/sliderThumb-2f1b800352f03b26f436accf7d92525c.jpg',	'k-carousel-caption pos-1-3-right scheme-dark',	'Natural language processing (NLP) ',	'<span style=\"color: rgb(34, 34, 34); font-family: arial, sans-serif; font-size: 16px;\">Natural&nbsp;Language&nbsp;Processing(NLP) is a field of computer science, artificial intelligence, and computational linguistics concerned with the interactions betwee',	'2016-09-28 03:52:54',	'2016-09-28 03:52:54'),
(11,	'upload/slider/img/sliderMain-8b7e6c25fd14ca50e00c890dd6a93b64.jpg',	'upload/slider/thumb/sliderThumb-8b7e6c25fd14ca50e00c890dd6a93b64.jpg',	'k-carousel-caption pos-1-3-left scheme-light',	'Natural Language Processing ',	'<p>Natural Language Processing(NLP) is a field of intelligence, and computational linguistics concerned with the interaction between computers and human (natural) languages.</p><p><br></p>',	'2016-09-28 03:57:01',	'2016-09-28 03:57:01'),
(12,	'upload/slider/img/sliderMain-0b012e598d511d0cf0964ed73f528cd3.png',	'upload/slider/thumb/sliderThumb-0b012e598d511d0cf0964ed73f528cd3.png',	'k-carousel-caption pos-1-3-right scheme-dark',	'Natural Language Processing(NLP) ',	'Natural Language Processing(NLP) is a field of intelligence, and computational linguistics concerned with the interaction between computers and human (natural) languages.',	'2016-09-28 03:57:34',	'2016-09-28 03:57:34');



INSERT INTO `tags` (`id`, `name`, `created_at`, `updated_at`) VALUES
(1,	'Laravel',	'2016-09-28 03:25:59',	'2016-09-28 03:25:59'),
(2,	'Android',	'2016-09-28 03:25:59',	'2016-09-28 03:25:59'),
(3,	'Php',	'2016-09-28 03:25:59',	'2016-09-28 03:25:59'),
(4,	'Java',	'2016-09-28 03:25:59',	'2016-09-28 03:25:59'),
(5,	'C#',	'2016-09-28 03:25:59',	'2016-09-28 03:25:59'),
(6,	'C & C++',	'2016-09-28 03:25:59',	'2016-09-28 03:25:59'),
(7,	'Spring',	'2016-09-28 03:25:59',	'2016-09-28 03:25:59'),
(8,	'Javascript',	'2016-09-28 03:25:59',	'2016-09-28 03:25:59'),
(9,	'JQuery',	'2016-09-28 03:25:59',	'2016-09-28 03:25:59'),
(10,	'Ajax',	'2016-09-28 03:25:59',	'2016-09-28 03:25:59'),
(11,	'Node-js',	'2016-09-28 03:25:59',	'2016-09-28 03:25:59'),
(12,	'Sails',	'2016-09-28 03:25:59',	'2016-09-28 03:25:59'),
(13,	'Express',	'2016-09-28 03:25:59',	'2016-09-28 03:25:59'),
(14,	'Rubi on Rail',	'2016-09-28 03:25:59',	'2016-09-28 03:25:59'),
(15,	'Angular',	'2016-09-28 03:25:59',	'2016-09-28 03:25:59'),
(16,	'Objective C',	'2016-09-28 03:25:59',	'2016-09-28 03:25:59'),
(17,	'Python',	'2016-09-28 03:25:59',	'2016-09-28 03:25:59'),
(18,	'Networking',	'2016-09-28 03:25:59',	'2016-09-28 03:25:59'),
(19,	'Computer Architecture',	'2016-09-28 03:25:59',	'2016-09-28 03:25:59'),
(20,	'Data Communication',	'2016-09-28 03:25:59',	'2016-09-28 03:25:59'),
(21,	'Machine Learning',	'2016-09-28 03:25:59',	'2016-09-28 03:25:59'),
(22,	'Mathematics',	'2016-09-28 03:25:59',	'2016-09-28 03:25:59');

INSERT INTO `teachers` (`id`, `user_id`, `about_me`, `phone`, `img_url`, `thumb_url`, `github_user`, `linkedIn_user`, `position`, `reg`, `in_leave`, `organization`, `created_at`, `updated_at`, `researchgate`, `academia`) VALUES
(1,	1,	'<h4 style=\"text-align:justify\">&nbsp;</h4>\r\n\r\n<p style=\"text-align:justify\">Md Saiful Islam is an Assistant Professor in the Department of Computer Science &amp; Engineering at the Shahjalal University of Science and Technology where he has been a faculty member since 2013. He currently serves as Coordinator of SUST Natural Language Processing Research Group and SUST ACM Lab. He also serves as Coach and Mentor of SUST Competitive Programming teams. During 2011-2013 he was a Software Engineer at the Eyeball Networks Inc, Dhaka. He received a B.Sc.(Engg.)&nbsp;from Department of Computer Science and Engineering, Shahjalal University of Science and Technology in 2011, Higher Secondary(H.S.C) and Secondary (S.S.C) from Ispahanai Public School and College at Comilla. Mr. Saiful Islam has authored and co-authored 2 journals and 3&nbsp;conference papers in the area of Natural Language Processing, Pattern Recognition and Signal Processing</p>\r\n',	'8801717960979',	'upload/profile/avatar/avatar-1162.jpg',	'upload/profile/icon/icon-1142.jpg',	'',	'https://bd.linkedin.com/in/saifulcse',	'Assistant Professor',	NULL,	0,	'Department of Computer Science and Engineering',	'2016-09-28 03:25:59',	'2016-10-02 06:11:27',	NULL,	NULL),
(2,	2,	'<h4 style=\"text-align:justify\">Contact Information:</h4>\r\n\r\n<ul>\r\n	<li>Office Address: Room: 210, Dept. of CSE, Dr. M.A. Wazed Miah IICT Building, SUST</li>\r\n	<li>Additional Email: &nbsp;jannatcse@yahoo.com</li>\r\n</ul>\r\n\r\n<h4 style=\"text-align:justify\">Biography:</h4>\r\n\r\n<p style=\"text-align:justify\">Marium-E-Jannat is a Lecturer in the Department of Computer Science and Engineering (CSE) at Shahjalal University of Science and Technology (SUST). She initially completed his bachelor degree from the Dept. of CSE at SUST, Sylhet, Bangladesh. She has authored 1 journal in the area of parallel Computing. She also worked as Lecturer in Sylhet International University for about three years.</p>\r\n\r\n<h4 style=\"text-align:justify\">Education:</h4>\r\n\r\n<ul>\r\n	<li>BSc. (2012) in Computer Science and Engineering, Shahjalal University of Science and Technology, Sylhet, Bangladesh</li>\r\n</ul>\r\n\r\n<h4 style=\"text-align:justify\">Research Interests:</h4>\r\n\r\n<ul>\r\n	<li>Parallel Computing</li>\r\n	<li>Image processing</li>\r\n	<li>Machine Learning</li>\r\n	<li>Natural Language Processing</li>\r\n</ul>\r\n\r\n<h4 style=\"text-align:justify\">Previous Research Project</h4>\r\n\r\n<ol>\r\n	<li>Parallel processing using cluster computers.</li>\r\n	<li>Vehicular object detection in real-time using image processing.</li>\r\n</ol>\r\n\r\n<h4 style=\"text-align:justify\">Selected Publications</h4>\r\n\r\n<ol>\r\n	<li>Abu Awal Md. Shoeb, Marium-E-Jannat, Sayma Sultana Chowdhury; Article: &ldquo;Performance Analysis of MPI (mpi4py) on Diskless Cluster Environment in Ubuntu&rdquo;; International Journal of Computer Applications (0975&ndash;8887) Volume 60&ndash;No.14, December 2012.</li>\r\n</ol>\r\n\r\n<h4 style=\"text-align:justify\">Teaching</h4>\r\n\r\n<ul>\r\n	<li>Computer Graphics and Image Processing</li>\r\n	<li>Artificial Intelligence</li>\r\n	<li>Structured Programming Language</li>\r\n	<li>Database Management Systems</li>\r\n	<li>Software Engineering</li>\r\n	<li>Microprocessors &amp; Computer Interfacing</li>\r\n	<li>Computer Networking</li>\r\n	<li>Digital Logic Design</li>\r\n</ul>\r\n\r\n<h4 style=\"text-align:justify\">Graduate Supervision</h4>\r\n\r\n<ol>\r\n	<li>BSc (Current Student: 4)</li>\r\n</ol>\r\n',	'88-01727354101',	'upload/profile/avatar/avatar-2.jpg',	'upload/profile/icon/icon-2.jpg',	'',	'',	'Lecturer',	NULL,	0,	'Department of Computer Science and Engineering',	'2016-09-28 04:04:49',	'2016-09-28 07:45:43',	NULL,	NULL),
(3,	3,	NULL,	NULL,	'/upload/profile/default/avatar.jpg',	'/upload/profile/default/icon.jpg',	NULL,	NULL,	'Lecturer',	NULL,	0,	'Department of Computer Science and Engineering',	'2016-09-28 04:05:30',	'2016-09-28 04:05:30',	NULL,	NULL),
(4,	4,	'',	'88-01753350226',	'upload/profile/avatar/avatar-4.jpg',	'upload/profile/icon/icon-4.jpg',	'',	'',	'Assistant Professor',	NULL,	0,	'Department of Computer Science and Engineering',	'2016-09-28 04:05:59',	'2016-09-28 07:42:19',	NULL,	NULL),
(5,	5,	'<h4 style=\"text-align:justify\">Contact Information:</h4>\r\n\r\n<ul>\r\n	<li>Office Address: Room no: 323, Department of Computer Science and Engineering, Dr. M. A. Wazed Miah IICT Building, Shahjalal University of Science and Technology, Sylhet-3114</li>\r\n	<li>Phone: 880-821- 713850/ 714479/ 717850 Ext. 669 (O)</li>\r\n	<li>Email: mzi@sust.edu</li>\r\n</ul>\r\n\r\n<h4 style=\"text-align:justify\">Awards &amp; Recognition:</h4>\r\n\r\n<ul>\r\n	<li>Quazi Mahbubulla Zebunnesa Award 2002</li>\r\n	<li>Khalekdad Chowdhury Literary Award 1410</li>\r\n	<li>Sheltech Liteary Award 2003</li>\r\n	<li>Uro Child Literary Award 2004</li>\r\n	<li>Md. Mudabber-Husne ara literary Award 2005</li>\r\n	<li>Marcantile Bank Ltd. Award 2005</li>\r\n	<li>Bangla Academy Literary Award 2005</li>\r\n	<li>One of the 10 living Eminent Bengali 2005 (Nominated by on line voting)</li>\r\n	<li>American Alimony Association Award 2005</li>\r\n	<li>Dhaka University Alimony Association Award 2005</li>\r\n	<li>Naittamoncho Award &rsquo;05, Naittamoncho, Sylhet</li>\r\n	<li>Uro Child Literary Award 2006</li>\r\n	<li>Shishu Academy Agrani Bank Shishu Shahitto Award 1408 Era</li>\r\n	<li>Deyan Golam Mortoza Shriti Award 2009 (Hobigonj)</li>\r\n</ul>\r\n\r\n<h4 style=\"text-align:justify\">Selected Publications</h4>\r\n\r\n<ol>\r\n	<li>A Technique for Measuring Parity non Conservation in Hydrogenic Atoms, E. G. Adelberger, T. A. Trainor, E. N. Fortson, T. E. Chupp, M. Z. Iqbal and H. E. Swanson, Nucl. Inst. Meth. 179 (1981)181</li>\r\n	<li>&quot;Monte Carlo Simulation of Electron Trajectories in High Pressure Xenon&quot;, M. Z. Iqbal, B. M. G. O&#39;Callaghan and H. T. Wong, Nuel. Inst. Meth. A253 (1987) 278</li>\r\n	<li>&quot;The Electronics for the High Pressure Xenon Gas Time Projection Chamber&quot;, M. Z. Iqbal, B. M. O&#39;Callaghan, and H. T. Wong, Nucl. Inst. Meth. A263, 387 (1988)</li>\r\n	<li>&quot;An 11 Gb/s 151 kIn Transmission Experiment Employing a 1480 nm Pumped Erbium Doped in-line Fiber Amplifier&quot;, M. Z. Iqbal, J. L. Gimlett, M. M. Choy, A. Yi-Yan, M. J. Andrejco, L. Curtis, M. A. Saifi, C.Lin, and N. K. Cheung. Photonic Tech. Lett., vol. 1, pp 334-336, 1989</li>\r\n	<li>&quot;Design and Construction of a High Pressure Xenon Gas TPC&quot;, M. Z. Iqbal, H. Henrikson, L. Mitchell, B. M.G. O&#39;Callaghan, J. Thomas and H. T-k. Wong, Nucl. Inst. Meth. A259, 459 (1987)</li>\r\n	<li>New Limit on Neutrinoless Double Beta Decay in Xenon 136 with a time projection Chamber. H. T. Wong, F.Boehm, P. Fisher, K. Gabathuler, H. E. Henrikson, D. A. Imel, M . Z. Iqbal, V. Jorgens, L. W. Mitchell, B.M. O&#39;Callaghan-Hay, J. Thomas, M. Treichel, J. C. Vuilleurnier and J. L. Vuilleurnier, Phys. Rev. Lett., Vol. 67, No 10, pp 1218, 1991</li>\r\n	<li>Bangla Sorting Algorithm &ndash; A Linguistic Approach. M. S. Rahman and M. Z. Iqbal; SUST Studies of SUST, Vol.8, Dec, 2007</li>\r\n	<li>Ujjal Kumar Bhowmik, M. Zafar Iqbal, Reza R. Adhami; Mitigation Motion Artifacts in FDK based 3D Cone-beam Brain Imaging System using Markers; Central European Journal of Engineering, May 2012</li>\r\n</ol>\r\n',	'',	'upload/profile/avatar/avatar-5.jpg',	'upload/profile/icon/icon-5.jpg',	'',	'',	'Professor',	NULL,	0,	'Department of Computer Science and Engineering',	'2016-09-28 04:06:42',	'2016-09-28 07:18:10',	NULL,	NULL),
(6,	6,	'',	'/254, 88-01972357830',	'upload/profile/avatar/avatar-6.jpg',	'upload/profile/icon/icon-6.jpg',	'',	'',	'Professor',	NULL,	0,	'Department of Computer Science and Engineering',	'2016-09-28 04:08:05',	'2016-09-28 07:21:01',	NULL,	NULL);

INSERT INTO `users` (`id`, `name`, `order`, `email`, `is_teacher`, `password`, `status`, `remember_token`, `created_at`, `updated_at`) VALUES
(1,	'MD. Saiful Islam',	3,	'saif.acm@gmail.com',	'1',	'$2y$10$giLkCBuZAvcnqdAi9QcKN.g2AgzqmNOcYrJ3pFTgT0NER2MGP7nNu',	1,	'vIlz5sMtDIiNba1A4xHDuMPXnbuenY2kSa7pEoXJB5Q5xcGcIkxzeHlp2tWP',	'2016-09-28 03:25:59',	'2016-10-28 05:11:32'),
(2,	'Marium-E-Jannat',	4,	'jannat-cse@sust.edu',	'1',	'$2y$10$wZwuFIOUaKX4X1CdZPN65eEAB26YFqz4OHzxcu3s5Y38niM6lZafi',	1,	'KZTz1lgtfAgbEi1iMB8RgHCtyCWlVXauw8PWgkj3TpLU10p7ZusaGNYkFk8w',	'2016-09-28 04:04:49',	'2016-09-28 07:47:29'),
(3,	'Md. Mahfuzur Rahaman',	4,	'mahfuzsustbd@gmail.com',	'1',	'$2y$10$eu9uHqETpDe44v0aAoiO4OM0mwRC/Mi.0lNdATiTBT3KwtqFM4XWG',	1,	'QW5DCArWXE8sP16gihLjG0CL9qEwDtQZ69tdNeTWET1j85RpNpKnHtDFiop2',	'2016-09-28 04:05:30',	'2016-09-28 04:36:32'),
(4,	'Sabir Ismail',	3,	'sabir-cse@sust.edu',	'1',	'$2y$10$cc7IGai5NO1IwwS.8YacKerkXeTIyT16e1mN50MEJX42jNckx8Kxu',	1,	't9wKlanOnKt2QnQIJaegKs8Y25hCERDZu937OMvlsgKvUaczO1lPuBTeXTKD',	'2016-09-28 04:05:59',	'2016-09-28 07:43:34'),
(5,	'Dr Muhammed Zafar Iqbal',	1,	'mzi@sust.edu',	'1',	'$2y$10$ThHMAv7HccA0yANR4QeyrevXfLZ1/CfMLg6YMuJpiddGQzoarMntO',	1,	'H67Vap0lmz7QR95nw1bExEdZEVCX8OD8ja73Zc2j72cAPVjcZItch9tx7bgS',	'2016-09-28 04:06:42',	'2016-09-28 07:19:48'),
(6,	'Dr Mohammad Reza Selim',	1,	'selim@sust.edu',	'1',	'$2y$10$XcoJ6JsutZw2daylAqdixenjbkGxu7pjkmsDP7ssmUwCJ5qJnq6HC',	1,	'39mwbLKaRiMJXihgj3bJXIMdgml6oV7TqhtpjkCSA90s8eYc2l4Dg1m4NyjQ',	'2016-09-28 04:08:05',	'2016-09-28 07:21:20'),
(7,	'fsdgfd',	8,	'saiful-cse@sust.edu',	'5',	'$2y$10$zF81/l9dpCwZOUKLPra11OyY0bL/66RlnLXZF5NZ/8NKZDhR2bGhu',	1,	NULL,	'2016-10-02 04:37:02',	'2016-10-02 04:37:02'),
(8,	'Mahbubur Rub Talha',	100,	'mahbubur-rub-talha@gmail.com',	'100',	'$2y$10$AU1zkiH82kzy2rAcSiB.5.4U9G8F/oDK/NxyL2JPlbMs8sO.YDQcq',	0,	NULL,	'2016-10-26 16:48:27',	'2016-10-26 16:48:27'),
(9,	'M. Shahidur Rahman',	100,	'm-shahidur-rahman@gmail.com',	'100',	'$2y$10$o8NMgxd0sG7XSAMbUWuxxuOgnapxWFE9uzRHxGFtxVVM9AmHgHz7i',	0,	NULL,	'2016-10-26 16:49:50',	'2016-10-26 16:49:50'),
(10,	'Md Abdullah Al Mumin',	100,	'md-abdullah-al-mumin@gmail.com',	'100',	'$2y$10$vdE/xgCVZXMrZUeFXEVdm.zeel7EDppa7OojSIzU28.NYmFU23QxC',	0,	NULL,	'2016-10-26 16:51:38',	'2016-10-26 16:51:38'),
(11,	'Prapti Das',	100,	'prapti-das@gmail.com',	'100',	'$2y$10$FT3EhwiCpaynY2O8YX.Ql.vJ3ZGkAEYmW4oO/WcI8qKMl9NRns6QK',	0,	NULL,	'2016-10-26 16:53:11',	'2016-10-26 16:53:11'),
(12,	'Rishmita Tasmim',	100,	'rishmita-tasmim@gmail.com',	'100',	'$2y$10$SEZer/8BHlyDjIbkIIPtIuPUyoBGFs4fZkdXdvei0MhglG.KWmfKu',	0,	NULL,	'2016-10-26 16:53:11',	'2016-10-26 16:53:11'),
(13,	'Tapashee Tabassum Urmi',	100,	'tapashee-tabassum-urmi@gmail.com',	'100',	'$2y$10$q3nMKlku3fYJP67pLRhdtO/x73Z2M6192.45Aivkb1wJlD8/WqZp6',	0,	NULL,	'2016-10-26 16:54:09',	'2016-10-26 16:54:09'),
(14,	'Jasmine Jahan Jammy',	100,	'jasmine-jahan-jammy@gmail.com',	'100',	'$2y$10$pXn41Vh5xF60rcZ0oV.ddujhJQaVHmu6Tojx0NesY6nogKo6dt3h2',	0,	NULL,	'2016-10-26 16:54:09',	'2016-10-26 16:54:09');

INSERT INTO `welcome` (`id`, `welcome_title`, `welcome_details`, `created_at`, `updated_at`) VALUES
(1,	'Welcome to the NLP Lab at SUST!',	'The Natural Language Processing Group at Shahjalal University of Science and Technology(SUST)\n             is a team of faculty, postdocs, programmers and students who work together on algorithms that allow computers\n              to process and understand human languages. Our work ranges from basic research in computational linguistics\n              to key applications in human language technology, and covers areas such as sentence understanding,\n               automatic question answering, machine translation, syntactic parsing and tagging, sentiment analysis\n               , and models of text and visual scenes, as well as applications of natural language processing\n                to the digital humanities and computational social sciences.\n\nA distinguishing feature of the SUST NLP Group is our effective combination of sophisticated and\ndeep linguistic modeling and data analysis with innovative probabilistic, machine learning, and deep\nlearning approaches to NLP. Our research has resulted in state-of-the-art technology for robust,\n broad-coverage natural-language processing in a number of languages. We provide a widely used,\n integrated NLP toolkit, SUST CoreNLP. Particular technologies include our competition-winning coreference\n  resolution system; a high speed, high performance neural network dependency parser; a state-of-the-art part-of-speech\n  tagger; a competition-winning named entity recognizer; and algorithms for processing Bengali,\n   English text.\n\nThe SUST NLP Group includes members of Computer Science and Engineering Department.',	'2016-09-28 03:25:59',	'2016-09-28 03:25:59');

-- 2016-11-04 15:25:00
